symbol,market_cap
20MICRONS,581.35
21STCENMGM,48.77
360ONE,28703.79
3IINFOLTD,629.54
3MINDIA,38312.62
3PLAND,55.08
5PAISA,1635.67
610GS2031,143560.0
63MOONS,1655.83
654GS2032,153816.0
667GS2035,120132.08
667GS2050,147794.6
669GS2024,57512.0
676GS2061,135278.78
689GS2025,12288.0
68GS2060,83647.91
699GS2026,55972.0
699GS2051,146993.88
702GS2027,6006.0
706GS2028,112110.0
710GS2029,152510.0
716GS2050,89320.0
717GS2030,104586.2
718GS2033,207030.0
718GS2037,177332.0
723GS2039,32848.0
725GS2063,251520.0
726GS2029,64209.6
726GS2032,153106.0
726GS2033,163135.0
732GS2030,71232.0
733GS2026,46483.0
734GS2064,36190.0
736GS2052,155325.0
737GS2028,76762.5
738GS2027,148049.2
73GS2053,184782.4
741GS2036,158550.0
746GS2073,55501.6
74GS2062,162910.8
754GS2036,155481.5
759GS2026,123760.0
762GS2039,35759.54
813GS2045,109060.0
883GS2041,108000.0
92GS2030,69552.05
A2ZINFRA,280.03
AAATECH,145.07
AADHARHFC,14107.1
AAKASH,116.94
AAREYDRUGS,126.29
AARON,282.88
AARTECH,218.84
AARTIDRUGS,4533.77
AARTIIND,22765.25
AARTIPHARM,5144.39
AARTISURF,559.95
AARTISURF,559.95
AARVEEDEN,58.41
AARVI,206.98
AATMAJ,61.92
AAVAS,12561.05
ABAN,354.86
ABB,174421.78
ABBOTINDIA,35421.74
ABCAPITAL,59049.47
ABCOTS,243.15
ABFRL,29328.13
ABINFRA,268.62
ABMINTLLTD,58.33
ABSLAMC,15319.48
ABSLBANETF,2594.62
ABSLLIQUID,54.43
ABSLNN50ET,74.26
ABSLPSE,30.46
ABSMARINE,537.65
ACC,48298.88
ACCELYA,2419.55
ACCENTMIC,578.89
ACCORD,9.44
ACCURACY,134.0
ACE,16444.2
ACEINTEG,34.22
ACI,7586.12
ACL,800.52
ACLGATI,1327.27
ACSAL,61.9
ADANIENSOL,121131.35
ADANIENT,369246.36
ADANIGREEN,298708.92
ADANIPORTS,302559.86
ADANIPOWER,261114.77
ADFFOODS,2348.88
ADL,47.31
ADORWELD,1733.8
ADROITINFO,42.9
ADSL,811.18
ADVANIHOTR,672.49
ADVENZYMES,4159.86
AEGISCHEM,26317.98
AEROFLEX,1771.69
AETHER,10678.25
AFFLE,16694.69
AGARIND,1365.65
AGARWALFT,44.91
AGI,4302.38
AGNI,108.42
AGRITECH,115.38
AGROPHOS,88.8
AGSTRA,892.31
AGUL,27.42
AHL,2017.37
AHLADA,192.46
AHLEAST,246.93
AHLUCONT,8542.25
AIAENG,34691.03
AIIL,13927.3
AILIMITED,33.6
AIRAN,315.68
AIROLAM,216.03
AIRTELPP,38797.25
AISL,151.6
AJANTPHARM,30489.22
AJMERA,2406.76
AJOONI,108.64
AKANKSHA,157.69
AKASH,58.18
AKG,71.5
AKI,219.99
AKSHAR,78.0
AKSHARCHEM,215.05
AKSHOPTFBR,139.11
AKZOINDIA,11529.9
ALANKIT,584.35
ALBERTDAVD,634.64
ALEMBICLTD,2542.14
ALICON,1746.52
ALKALI,113.03
ALKEM,63823.8
ALKYLAMINE,9882.53
ALLCARGO,6899.13
ALLETEC,476.58
ALLSEC,1623.19
ALMONDZ,305.77
ALOKINDS,12859.97
ALPA,187.68
ALPEXSOLAR,1591.02
ALPHA,146.06
ALPHAETF,50.69
ALPHAGEO,217.04
ALPL30IETF,978.48
ALPSINDUS,14.28
ALUWIND,139.64
AMBANIORG,88.23
AMBER,12024.28
AMBIKCO,873.06
AMBUJACEM,154450.16
AMDIND,120.27
AMEYA,45.3
AMIABLE,13.44
AMIORG,4506.44
AMJLAND,172.2
AMNPLST,1045.38
AMRUTANJAN,2007.99
ANANDRATHI,17207.95
ANANTRAJ,12800.39
ANDHRAPAP,2023.9
ANDHRSUGAR,1372.97
ANGELONE,22868.64
ANIKINDS,137.38
ANKITMETAL,55.74
ANLON,237.09
ANMOL,207.74
ANNAPURNA,594.45
ANTGRAPHIC,23.25
ANUP,3387.14
ANURAS,8352.51
APARINDS,31319.24
APCL,522.58
APCOTEXIND,2068.87
APEX,655.63
APLAPOLLO,44902.09
APLLTD,18434.67
APOLLO,3257.63
APOLLOHOSP,84602.89
APOLLOPIPE,2725.18
APOLLOTYRE,30091.08
APOLSINHOT,434.27
APS,663.66
APTECHT,1308.42
APTUS,15208.73
ARABIAN,101.35
ARCHIDPLY,204.21
ARCHIES,91.21
ARENTERP,12.82
ARHAM,248.55
ARIES,312.1
ARIHANTACA,81.14
ARIHANTCAP,701.72
ARIHANTSUP,1370.63
ARISTO,51.06
ARMANFIN,2200.52
AROGRANITE,81.86
ARROWGREEN,774.09
ARSHIYA,162.04
ARTEMISMED,2421.36
ARTNIRMAN,133.27
ARVEE,212.74
ARVIND,9628.0
ARVINDFASN,6087.15
ARVSMART,2877.74
ASAHIINDIA,14106.51
ASAHISONG,429.88
ASAL,1372.27
ASALCBR,998.33
ASHAPURMIN,3238.61
ASHIANA,3610.35
ASHIMASYN,642.06
ASHOKA,5033.37
ASHOKAMET,45.24
ASHOKLEY,66595.9
ASIANENE,1181.49
ASIANHOTNR,269.62
ASIANPAINT,280085.75
ASIANTILES,752.23
ASKAUTOLTD,6099.59
ASMS,650.27
ASPINWALL,203.74
ASPIRE,147.53
ASTEC,2202.11
ASTERDM,18979.0
ASTRAL,57593.63
ASTRAMICRO,8205.15
ASTRAZEN,16000.0
ASTRON,103.23
ATALREAL,61.43
ATAM,238.43
ATFL,1689.03
ATGL,104773.41
ATL,1404.15
ATLANTAA,266.51
ATMASTCO,548.99
ATUL,17193.98
ATULAUTO,1430.58
AUBANK,47248.91
AURDIS,210.0
AURIONPRO,5659.39
AUROIMPEX,92.48
AUROPHARMA,71308.73
AURUM,425.64
AURUMPP1,466.73
AUSOMENT,141.75
AUTOAXLES,2949.4
AUTOBEES,152.51
AUTOIETF,66.4
AUTOIND,485.87
AVADHSUGAR,1060.98
AVALON,3191.51
AVANTIFEED,6921.28
AVG,760.74
AVONMORE,285.38
AVPINFRA,254.79
AVROIND,124.08
AVTNPL,1353.8
AWHCL,1244.7
AWL,43994.12
AXISBANK,364805.7
AXISBNKETF,201.32
AXISBPSETF,1872.08
AXISCADES,2148.59
AXISCETF,13.7
AXISGOLD,921.03
AXISHCETF,17.86
AXISILVER,115.21
AXISNIFTY,710.19
AXISTECETF,132.53
AXITA,562.19
AXSENSEX,119.94
AYMSYNTEX,439.08
AZAD,8340.84
BABAFP,88.08
BAGFILMS,173.03
BAHETI,277.25
BAIDFIN,252.14
BAJAJ-AUTO,251122.19
BAJAJCON,3318.53
BAJAJELEC,10759.31
BAJAJFINSV,255062.82
BAJAJHCARE,820.36
BAJAJHIND,4010.91
BAJAJHLDNG,87103.31
BAJEL,2916.68
BAJFINANCE,425869.47
BALAJITELE,696.49
BALAMINES,6927.33
BALAXI,786.15
BALKRISHNA,85.06
BALKRISIND,59966.99
BALMLAWRIE,4731.68
BALPHARMA,158.52
BALRAMCHIN,7694.72
BALUFORGE,2856.16
BANARBEADS,59.39
BANARISUG,3040.88
BANCOINDIA,4505.67
BANDHANBNK,30487.6
BANG,62.78
BANKA,106.24
BANKBARODA,136006.83
BANKBEES,6500.02
BANKBETF,164.74
BANKETF,116.82
BANKETFADD,201.96
BANKIETF,3279.17
BANKINDIA,59025.34
BANKNIFTY1,5383.29
BANSWRAS,502.18
BARBEQUE,2031.68
BASF,18791.59
BASILIC,774.36
BASML,301.51
BATAINDIA,17448.9
BAWEJA,177.82
BAYERCROP,26070.05
BBETF0432,11082.5
BBL,4679.49
BBNPPGOLD,69.4
BBOX,4200.64
BBTC,10540.44
BBTCL,520.99
BCG,2118.82
BCLIND,1435.28
BCONCEPTS,727.97
BDL,53298.19
BEARDSELL,147.3
BECTORFOOD,7090.45
BEDMUTHA,838.54
BEL,211142.96
BEML,18585.94
BEPL,2344.25
BERGEPAINT,57654.44
BESTAGRO,1312.28
BETA,1179.61
BEWLTD,439.74
BFINVEST,2073.98
BFSI,264.11
BFUTILITIE,3422.86
BGRENERGY,290.81
BHAGCHEM,1956.23
BHAGERIA,699.4
BHAGYANGR,335.63
BHANDARI,127.48
BHARATFORG,72769.18
BHARATGEAR,166.37
BHARATRAS,3905.95
BHARATWIRE,1922.87
BHARTIARTL,777002.1
BHARTIHEXA,49600.0
BHEL,101328.04
BHINVIT,4665.47
BIGBLOC,1619.98
BIKAJI,13869.92
BIL,537.21
BINANIIND,55.99
BIOCON,38053.02
BIOFILCHEM,104.48
BIRDYS,35.42
BIRET,11350.35
BIRLACABLE,712.65
BIRLACORPN,10973.26
BIRLAMONEY,709.76
BLAL,1028.62
BLBLIMITED,99.12
BLISSGVS,1092.45
BLKASHYAP,1523.97
BLS,13175.71
BLSE,2321.84
BLUECHIP,19.63
BLUEDART,17084.11
BLUEJET,6452.91
BLUEPEBBLE,96.29
BLUESTARCO,31315.13
BMETRICS,106.52
BODALCHEM,911.97
BOMDYEING,3550.33
BOROLTD,3850.53
BORORENEW,6291.92
BOSCHLTD,91356.55
BPCL,140057.8
BPL,483.39
BRIGADE,28355.94
BRIGHT,22.12
BRITANNIA,126504.03
BRNL,484.81
BROOKS,227.82
BSE,36440.61
BSE500IETF,231.44
BSHSL,2151.21
BSL,185.16
BSLGOLDETF,804.54
BSLNIFTY,2324.31
BSLSENETFG,481.96
BSOFT,17103.15
BTML,192.44
BURNPUR,51.67
BUTTERFLY,1357.06
BVCL,111.91
BYKE,340.48
CADSYS,304.71
CALSOFT,24.04
CAMLINFINE,1590.08
CAMPUS,7669.55
CAMS,17069.9
CANARYS,291.88
CANBK,105083.49
CANFINHOME,9919.98
CANTABIL,1773.13
CAPACITE,2726.37
CAPITALSFB,1477.39
CAPLIPOINT,9796.86
CAPTRUST,191.59
CARBORUNIV,30534.44
CAREERP,700.43
CARERATING,3151.06
CARTRADE,3946.68
CARYSIL,2169.41
CASTROLIND,18546.04
CCHHL,255.0
CCL,7878.15
CDSL,21809.15
CEATLTD,9687.8
CELEBRITY,106.88
CELLECOR,499.03
CELLO,18039.64
CELLPOINT,66.89
CENTENKA,1300.0
CENTEXT,152.0
CENTRALBK,56816.75
CENTRUM,1662.05
CENTUM,2188.46
CENTURYPLY,14574.55
CENTURYTEX,24015.13
CERA,9274.1
CEREBRAINT,78.39
CESC,18809.84
CGCL,13097.98
CGPOWER,96171.09
CGRAPHICS,497.98
CHALET,16608.34
CHAMBLFERT,16192.36
CHAVDA,327.8
CHEMBOND,690.57
CHEMCON,884.27
CHEMFAB,749.03
CHEMPLASTS,7556.85
CHENNPETRO,14307.41
CHEVIOT,907.34
CHOICEIN,6783.87
CHOLAFIN,105930.37
CHOLAHLDNG,20994.46
CIEINDIA,20656.28
CIGNITITEC,3609.21
CINELINE,428.33
CINEVISTA,107.41
CIPLA,119494.46
CLEAN,14397.15
CLEDUCATE,417.55
CLOUD,90.26
CLSEL,1158.06
CLSL,69.25
CMMIPL,3.84
CMNL,168.94
CMRSL,39.35
CMSINFO,6894.61
COALINDIA,300063.24
COASTCORP,301.37
COCHINSHIP,50248.43
COFFEEDAY,1153.43
COFORGE,31791.75
COLPAL,73381.72
COMMITTED,61.78
COMMOIETF,30.31
COMPUSOFT,229.46
COMSYN,263.09
CONCOR,65742.86
CONCORDBIO,14709.04
CONFIPET,2697.73
CONS,1.51
CONSOFINVT,734.13
CONSUMBEES,51.22
CONSUMIETF,49.56
CONTI,25.16
CONTROLPR,1377.1
CORALFINAC,201.51
CORDSCABLE,267.54
COROMANDEL,38158.34
COSMOFIRST,1459.88
COUNCODOS,46.56
CPS,70.35
CPSEETF,41344.71
CRAFTSMAN,9027.7
CRAYONS,312.7
CREATIVE,1021.83
CREATIVEYE,12.64
CREDITACC,21397.21
CREST,1033.16
CRISIL,30703.6
CROMPTON,24985.14
CROWN,254.6
CSBBANK,5826.52
CSLFINANCE,928.39
CTE,156.66
CUB,10691.6
CUBEXTUB,136.32
CUMMINSIND,106361.64
CUPID,1422.08
CYBERMEDIA,37.91
CYBERTECH,454.51
CYIENT,19829.13
CYIENTDLM,5218.34
DABUR,100474.62
DALBHARAT,33635.73
DALMIASUG,3005.28
DAMODARIND,118.25
DANGEE,87.84
DATAMATICS,3233.42
DATAPATTNS,15871.46
DAVANGERE,966.25
DBCORP,5219.89
DBL,6004.32
DBOL,806.61
DBREALTY,10648.23
DBSTOCKBRO,182.0
DCAL,3010.24
DCBBANK,4035.74
DCG,165.25
DCI,269.1
DCM,140.36
DCMFINSERV,10.33
DCMNVL,364.68
DCMSHRIRAM,15258.95
DCMSRIND,1869.46
DCW,1520.05
DCXINDIA,3491.96
DECCANCE,819.37
DEEM,84.16
DEEPAKFERT,6873.65
DEEPAKNTR,31356.76
DEEPENR,571.68
DEEPINDS,1779.2
DELAPLEX,206.8
DELHIVERY,30644.48
DELPHIFX,224.67
DELTACORP,3103.47
DELTAMAGNT,105.31
DEN,2402.82
DENEERS,174.49
DENORA,805.85
DENTALKART,866.48
DEVIT,273.75
DEVYANI,18308.54
DHAMPURSUG,1442.12
DHANBANK,1060.12
DHANI,2850.28
DHANUKA,5770.22
DHARMAJ,781.73
DHRUV,169.82
DHTL,67.38
DHUNINV,713.67
DIACABS,5377.21
DIAMINESQ,495.17
DIAMONDYD,1995.82
DICIND,431.41
DIGIDRIVE,142.49
DIGIKORE,250.78
DIGISPICE,669.49
DIGJAMLMTD,17.0
DIL,131.0
DISHTV,2909.18
DIVGIITTS,2297.54
DIVISLAB,116407.97
DIVOPPBEES,51.54
DIXON,54389.79
DJML,375.73
DKEGL,50.3
DLF,202654.04
DLINKINDIA,1427.12
DMART,290552.31
DMCC,759.3
DNAMEDIA,50.03
DODLA,5223.76
DOLATALGO,2298.56
DOLLAR,3148.88
DOLLEX,107.11
DOLPHIN,3262.57
DOMS,11513.28
DONEAR,540.8
DPABHUSHAN,2768.5
DPSCLTD,1674.92
DPWIRES,733.45
DRCSYSTEMS,280.17
DREAMFOLKS,2624.25
DREDGECORP,2629.2
DRONE,667.52
DRREDDY,99254.37
DSSL,1544.52
DTIL,202.37
DUCOL,177.39
DUCON,184.56
DUGLOBAL,549.91
DVL,1164.92
DWARKESH,1298.04
DYCL,1263.38
DYNAMATECH,5298.68
DYNAMIC,346.89
DYNPRO,315.02
E2E,1633.1
EASEMYTRIP,7823.56
EBBETF0425,12018.33
EBBETF0430,18875.99
EBBETF0431,13389.0
EBBETF0433,5691.35
ECLERX,10706.89
EDELWEISS,7295.46
EFACTOR,218.31
EFORCE,210.37
EGOLD,47.68
EICHERMOT,130475.91
EIDPARRY,11306.98
EIFFL,324.88
EIHAHOTELS,2185.78
EIHOTEL,26981.34
EIMCOELECO,1119.07
EKC,1418.31
ELDEHSG,978.38
ELECON,12757.14
ELECTCAST,10140.99
ELECTHERM,978.33
ELGIEQUIP,19467.72
ELGIRUBCO,393.14
ELIN,767.73
EMAMILTD,23265.45
EMAMIPAP,669.72
EMAMIREAL,390.93
EMBASSY,32228.39
EMIL,7960.45
EMKAY,356.47
EMMBI,179.47
EMMIL,393.26
EMSLIMITED,2529.43
EMUDHRA,6202.6
ENDURANCE,30566.04
ENERGYDEV,107.35
ENFUSE,92.9
ENGINERSIN,14725.51
ENIL,1082.12
ENSER,115.92
ENTERO,4427.67
EPACK,1805.81
EPIGRAL,5027.57
EPL,6055.06
EQUAL50ADD,177.61
EQUIPPP,273.2
EQUITASBNK,10776.46
ERIS,12257.88
EROSMEDIA,192.79
ESABINDIA,8520.04
ESAFSFB,2772.09
ESCONET,240.83
ESCORTS,42398.18
ESFL,312.56
ESG,129.0
ESILVER,48.52
ESSARSHPNG,618.86
ESSENTIA,347.35
ESTER,1048.53
ETHOSLTD,5838.46
EUROBOND,475.3
EUROTEXIND,11.9
EVEREADY,2437.93
EVERESTIND,1745.55
EXCEL,69.12
EXCELINDUS,1272.53
EXICOM,3105.19
EXIDEIND,43192.75
EXPLEOSOL,1893.41
EXXARO,437.57
FACT,45065.33
FAIRCHEMOR,1582.04
FAZE3Q,965.46
FCL,4148.15
FCSSOFT,658.18
FDC,7621.95
FEDERALBNK,39025.44
FEDFINA,4420.72
FEL,36.39
FELDVR,19.88
FELIX,503.63
FIBERWEB,118.05
FIDEL,137.51
FIEMIND,3197.44
FILATEX,2416.79
FILATFASH,2041.85
FINCABLES,21881.8
FINEORG,13490.39
FINIETF,78.53
FINOPB,2271.75
FINPIPE,18980.39
FIVESTAR,20498.38
FLAIR,3216.67
FLEXITUFF,102.86
FLFL,41.36
FLUOROCHEM,34279.79
FMCGIETF,152.95
FMGOETZE,2080.09
FMNL,36.83
FOCE,455.04
FOCUS,1060.49
FONEBOX,166.21
FOODSIN,825.07
FORCEMOT,10533.98
FORTIS,35033.83
FOSECOIND,2324.64
FROG,496.72
FSC,20.41
FSL,13441.47
FUSION,4606.69
GABRIEL,5378.75
GAEL,6698.88
GAIL,131732.12
GALAXYSURF,8778.6
GALLANTT,6393.95
GANDHAR,2003.4
GANDHITUBE,1050.28
GANECOS,2950.39
GANESHBE,1068.32
GANESHHOUC,6437.48
GANGAFORGE,110.03
GANGESSECU,150.81
GARFIBRES,6919.33
GATECH,51.68
GATECHDVR,17.73
GATEWAY,5181.31
GAYAHWS,32.35
GEECEE,683.08
GEEKAYWIRE,467.2
GENCON,211.08
GENESYS,2117.11
GENSOL,3721.04
GENUSPAPER,561.82
GENUSPOWER,9932.77
GEOJITFSL,2360.36
GEPIL,2208.09
GESHIP,14415.2
GFLLIMITED,807.4
GHCL,4922.61
GHCLTEXTIL,767.55
GICHSGFIN,1160.49
GICRE,62789.98
GILLANDERS,177.68
GILLETTE,22418.47
GILT5YBEES,158.9
GINNIFILA,277.51
GIPCL,2739.16
GIRIRAJ,1263.48
GKWLIMITED,1461.2
GLAND,29829.08
GLAXO,41673.88
GLENMARK,32762.04
GLFL,22.92
GLOBAL,390.92
GLOBALPET,94.94
GLOBALVECT,252.49
GLOBE,91.59
GLOBUSSPR,2191.96
GLOSTERLTD,948.4
GLS,10062.54
GMBREW,1454.21
GMDCLTD,12382.92
GMMPFAUDLR,5717.43
GMRINFRA,52965.42
GNA,1691.47
GNFC,9853.11
GOACARBON,743.43
GOCLCORP,1893.42
GOCOLORS,5265.88
GODFRYPHLP,20100.85
GODHA,63.29
GODIGIT,27520.66
GODREJAGRO,10285.95
GODREJCP,135421.41
GODREJIND,28056.44
GODREJPROP,77063.37
GOENKA,28.53
GOKEX,5811.42
GOKUL,434.59
GOKULAGRO,2333.4
GOLD1,4026.06
GOLDBEES,10993.52
GOLDCASE,53.95
GOLDETF,234.53
GOLDETFADD,385.8
GOLDIAM,1761.59
GOLDIETF,4895.14
GOLDSHARE,1025.05
GOLDSTAR,352.63
GOLDTECH,415.5
GOODLUCK,2736.21
GOPAL,3966.78
GOYALALUM,132.74
GOYALSALT,340.1
GPIL,11989.67
GPPL,9427.08
GPTHEALTH,1208.67
GPTINFRA,1406.6
GRANULES,10528.5
GRAPHISAD,85.17
GRAPHITE,11077.8
GRASIM,160346.28
GRASIMPP,2466.31
GRAVITA,7722.24
GRCL,207.0
GREAVESCOT,2945.24
GREENCHEF,173.38
GREENLAM,7654.43
GREENPANEL,3666.56
GREENPLY,3195.14
GREENPOWER,1882.99
GRETEX,52.56
GRINDWELL,26464.85
GRINFRA,14986.31
GRMOVER,843.6
GROBTEA,105.88
GRPLTD,1206.67
GRSE,16014.37
GRWRHITECH,3693.95
GSEC10IETF,591.9
GSEC10YEAR,82.1
GSEC5IETF,104.74
GSFC,8732.64
GSLSU,895.95
GSPL,16418.55
GSS,253.72
GSTL,37.21
GTECJAINX,78.97
GTL,191.12
GTLINFRA,1985.09
GTPL,1856.2
GUFICBIO,3126.65
GUJALKALI,5758.47
GUJAPOLLO,304.32
GUJGASLTD,37520.7
GUJRAFFIA,23.16
GULFOILLUB,4779.17
GULFPETRO,318.14
GULPOLY,1145.44
GVKPIL,1705.55
GVPTECH,203.58
HAL,335190.03
HAPPSTMNDS,12242.89
HAPPYFORGE,10419.06
HARDWYN,1001.29
HARIOMPIPE,1632.76
HARRMALAYA,328.51
HARSHA,4477.55
HATHWAY,3655.27
HATSUN,24859.82
HAVELLS,118380.42
HAVISHA,39.92
HBLPOWER,14164.66
HBSL,71.09
HCC,6214.87
HCG,5015.13
HCL-INSYS,582.7
HCLTECH,368787.09
HDFCAMC,85180.12
HDFCBANK,1162215.1
HDFCBSE500,7.18
HDFCGOLD,4318.69
HDFCGROWTH,9.76
HDFCLIFE,124324.57
HDFCLIQUID,45.21
HDFCLOWVOL,31.09
HDFCMID150,73.38
HDFCMOMENT,78.93
HDFCNEXT50,80.4
HDFCNIF100,43.24
HDFCNIFBAN,4837.85
HDFCNIFIT,109.3
HDFCNIFTY,3122.08
HDFCPSUBK,22.72
HDFCPVTBAN,662.91
HDFCQUAL,11.97
HDFCSENSEX,975.07
HDFCSILVER,186.7
HDFCSML250,299.64
HDFCVALUE,27.12
HDIL,203.82
HEADSUP,25.4
HEALTHADD,8.35
HEALTHIETF,116.02
HEALTHY,39.87
HECPROJECT,90.08
HEG,8691.71
HEIDELBERG,4543.59
HEMIPROP,5684.33
HERANBA,1204.41
HERCULES,1538.24
HERITGFOOD,3428.81
HEROMOTOCO,103664.28
HESTERBIO,1540.47
HEUBACHIND,882.19
HEXATRADEX,817.9
HFCL,15126.42
HGINFRA,9547.57
HGS,3800.71
HIGREEN,424.83
HIKAL,3586.82
HIL,1862.6
HILTON,255.57
HIMATSEIDE,1265.17
HINDALCO,152810.72
HINDCOMPOS,656.7
HINDCON,261.58
HINDCOPPER,36070.0
HINDMOTORS,741.78
HINDOILEXP,2619.43
HINDPETRO,77410.18
HINDUNILVR,562727.11
HINDWAREAP,3123.2
HINDZINC,301708.9
HIRECT,1316.19
HISARMETAL,105.3
HITECH,1873.58
HITECHCORP,383.02
HITECHGEAR,1952.93
HLEGLAS,2765.14
HLVLTD,1747.04
HMAAGRO,2744.22
HMT,6983.73
HMVL,716.09
HNDFDS,5682.84
HNGSNGBEES,613.48
HOACFOODS,53.54
HOMEFIRST,7202.02
HOMESFY,232.65
HONASA,13608.53
HONAUT,45622.26
HONDAPOWER,2604.99
HOVS,81.87
HPAL,908.64
HPIL,166.79
HPL,2593.88
HRHNEXT,31.53
HSCL,16747.51
HTMEDIA,590.02
HUBTOWN,1008.39
HUDCO,50037.49
HUHTAMAKI,2340.8
HYBRIDFIN,41.06
IBLFL,139.11
IBREALEST,7139.28
IBULHSGFIN,8120.55
IBULPP,1697.73
ICDSLTD,49.11
ICEMAKE,861.57
ICICIB22,18458.81
ICICIBANK,791616.89
ICICIGI,80558.43
ICICIPRULI,83611.3
ICIL,7005.18
ICRA,5182.95
IDBI,92416.9
IDEA,96733.43
IDEAFORGE,2944.08
IDFC,18535.82
IDFCFIRSTB,55120.47
IDFNIFTYET,3.45
IEL,242.96
IEML,477.95
IEX,14008.49
IFBAGRO,409.34
IFBIND,5753.67
IFCI,14897.47
IFGLEXPOR,2227.23
IGARASHI,1495.06
IGL,33005.04
IGPL,1521.57
IIFL,16936.8
IIFLSEC,6035.72
IITL,342.61
IKIO,2093.53
IMAGICAA,4400.92
IMFA,3847.74
IMPAL,1259.23
IMPEXFERRO,32.1
INCREDIBLE,181.68
INDBANK,216.34
INDGN,12327.13
INDHOTEL,81334.92
INDIACEM,6613.21
INDIAGLYCO,2496.89
INDIAMART,15170.53
INDIANB,76507.55
INDIANCARD,159.13
INDIANHUME,1680.55
INDIASHLTR,6265.7
INDIFRA,26.46
INDIGO,161725.07
INDIGOPNTS,6583.36
INDIGRID,10697.14
INDNIPPON,1483.97
INDOAMIN,855.09
INDOBORAX,511.51
INDOCO,2907.43
INDORAMA,1078.4
INDOSTAR,2715.21
INDOTECH,1878.25
INDOTHAI,311.7
INDOWIND,227.55
INDRAMEDCO,2181.82
INDSWFTLAB,621.0
INDSWFTLTD,120.52
INDTERRAIN,298.3
INDUSINDBK,112873.62
INDUSTOWER,91897.35
INFIBEAM,8582.48
INFINIUM,308.94
INFOBEAN,988.7
INFOLLION,204.62
INFOMEDIA,26.1
INFRABEES,112.23
INFRAIETF,131.46
INFY,607422.28
INGERRAND,13722.61
INM,183.28
INNOVACAP,2784.57
INNOVANA,1039.35
INNOVATIVE,11.51
INOXGREEN,3941.66
INOXINDIA,11182.06
INOXWIND,19263.56
INSECTICID,1684.12
INTELLECT,12250.58
INTENTECH,251.1
INTLCONV,497.84
INVENTURE,222.6
IOB,134490.66
IOC,235401.04
IOLCP,2118.09
IONEXCHANG,7881.86
IPCALAB,33565.07
IPL,2531.29
IRB,43209.05
IRBINVIT,3819.69
IRCON,25478.57
IRCTC,86640.0
IREDA,49831.16
IRFC,236278.59
IRIS,466.41
IRISDOREME,632.99
IRMENERGY,1923.65
ISEC,23461.11
ISFT,197.94
ISGEC,8586.78
ISHAN,50.82
ISMTLTD,3409.19
IT,191.11
ITALIANE,50.39
ITBEES,2368.38
ITC,535344.86
ITDC,5702.38
ITDCEM,6991.75
ITETF,56.83
ITETFADD,38.42
ITI,28922.7
ITIETF,435.63
IVC,351.72
IVP,174.93
IVZINGOLD,115.91
IVZINNIFTY,83.33
IWEL,8753.28
IZMO,436.18
JAGRAN,2122.13
JAGSNPHARM,885.9
JAIBALAJI,15524.07
JAICORPLTD,5326.71
JAIPURKURT,59.43
JALAN,5.6
JAMNAAUTO,4986.77
JASH,2725.23
JAYAGROGN,772.8
JAYBARMARU,1124.18
JAYNECOIND,4481.16
JAYSREETEA,288.34
JBCHEPHARM,27339.52
JBMA,25009.27
JCHAC,4486.5
JETAIRWAYS,513.46
JETFREIGHT,60.79
JFLLIFE,44.05
JGCHEM,875.81
JHS,141.9
JINDALPHOT,665.66
JINDALPOLY,2224.35
JINDALSAW,17682.4
JINDALSTEL,107517.29
JINDRILL,1973.61
JINDWORLD,6657.28
JIOFIN,226748.71
JISLDVREQS,62.61
JISLJALEQS,4068.21
JITFINFRA,2313.46
JIWANRAM,36.26
JKCEMENT,30791.4
JKIL,5092.29
JKLAKSHMI,9354.77
JKPAPER,6306.0
JKTYRE,10820.03
JLHL,7631.23
JMA,225.21
JMFINANCIL,7835.86
JNKINDIA,3571.14
JOCIL,171.54
JPASSOCIAT,3804.62
JPOLYINVST,733.73
JPPOWER,13295.71
JSFB,6034.86
JSL,58789.11
JSLL,2737.23
JSWENERGY,106613.88
JSWHL,7341.29
JSWINFRA,60606.05
JSWSTEEL,221289.13
JTEKTINDIA,4293.53
JTLIND,3786.26
JUBLFOOD,32843.79
JUBLINDS,1666.35
JUBLINGREA,7971.22
JUBLPHARMA,11189.5
JUNIORBEES,4593.22
JUNIPER,9676.63
JUSTDIAL,7991.66
JWL,22832.82
JYOTHYLAB,15275.88
JYOTICNC,21625.66
JYOTISTRUC,2156.5
K2INFRA,199.37
KABRAEXTRU,1370.94
KAJARIACER,20432.84
KAKATCEM,162.43
KALAMANDIR,2695.41
KALYANIFRG,158.71
KALYANKJIL,41382.38
KAMATHOTEL,627.45
KAMDHENU,1422.19
KAMOPAINTS,1063.15
KANANIIND,71.23
KANDARP,28.94
KANORICHEM,522.57
KANPRPLA,222.2
KANSAINER,22149.6
KAPSTON,319.54
KARMAENG,93.08
KARNIKA,349.67
KARURVYSYA,15876.43
KAUSHALYA,24.59
KAVVERITEL,31.39
KAYA,401.79
KAYNES,21108.62
KBCGLOBAL,186.49
KCEIL,296.58
KCK,114.76
KCP,2256.12
KCPSUGIND,392.88
KDDL,3072.85
KDL,398.25
KEC,19453.88
KECL,1241.94
KEEPLEARN,47.49
KEI,37459.22
KEL,176.68
KELLTONTEC,912.17
KERNEX,749.98
KESORAMIND,5794.99
KEYFINSERV,121.59
KFINTECH,12850.12
KHADIM,576.57
KHAICHEM,662.44
KHAITANLTD,31.83
KHANDSE,43.17
KHFM,168.05
KICL,1950.42
KILITCH,556.29
KIMS,14781.13
KINGFA,2407.56
KIOCL,26801.82
KIRIINDUS,1612.56
KIRLOSBROS,12825.34
KIRLOSENG,17762.19
KIRLOSIND,6194.14
KIRLPNU,6989.02
KITEX,1360.26
KKCL,4190.51
KLL,166.77
KMSUGAR,329.36
KNAGRI,332.86
KNRCON,7829.57
KODYTECH,1059.16
KOHINOOR,147.92
KOKUYOCMLN,1421.3
KOLTEPATIL,3518.62
KONSTELEC,273.31
KONTOR,62.36
KOPRAN,1126.01
KORE,456.33
KOTAKBANK,337948.3
KOTARISUG,457.54
KOTHARIPET,770.89
KOTHARIPRO,383.79
KOTYARK,986.8
KPIGREEN,10783.35
KPIL,19494.35
KPITTECH,41203.81
KPRMILL,26832.4
KRBL,6293.33
KREBSBIO,140.14
KRIDHANINF,39.81
KRISHANA,1490.5
KRISHCA,271.33
KRISHIVAL,561.84
KRISHNADEF,808.6
KRITI,563.74
KRITIKA,577.83
KRITINUT,516.82
KRSNAA,1840.52
KRYSTAL,1083.52
KSB,15830.61
KSCL,4372.32
KSHITIJPOL,27.61
KSL,3640.45
KSOLVES,1285.13
KTKBANK,8139.08
KTL,77.34
KUANTUM,1352.15
LAGNAM,234.47
LAL,260.35
LALPATHLAB,21830.11
LAMBODHARA,150.48
LANCORHOL,314.25
LANDMARK,2797.83
LAOPALA,3564.77
LASA,112.73
LATENTVIEW,9784.9
LATTEYS,92.57
LAURUSLABS,24048.66
LAWSIKHO,467.75
LAXMICOT,54.87
LAXMIMACH,16799.02
LCCINFOTEC,33.55
LEMERITE,199.59
LEMONTREE,11111.26
LEXUS,83.29
LFIC,65.1
LGBBROSLTD,3939.75
LGBFORGE,235.82
LGHL,751.08
LIBAS,48.47
LIBERTSHOE,509.5
LICHSGFIN,35396.55
LICI,641354.77
LICMFGOLD,129.63
LICNETFGSC,1960.35
LICNETFN50,771.83
LICNETFSEN,763.57
LICNFNHGP,679.4
LICNMID100,554.69
LIKHITHA,1380.75
LINC,871.52
LINCOLN,1161.62
LINDEINDIA,71340.25
LIQUID,60.01
LIQUID1,49.12
LIQUIDADD,524.91
LIQUIDBEES,11792.63
LIQUIDCASE,1150.44
LIQUIDETF,1036.62
LIQUIDIETF,3167.5
LIQUIDSBI,121.58
LLOYDS,243.52
LLOYDSENGG,6933.92
LLOYDSME,34698.29
LODHA,133785.41
LOKESHMACH,752.82
LORDSCHLO,299.33
LOTUSEYE,123.63
LOVABLE,179.82
LOWVOL,9.37
LOWVOL1,114.7
LOWVOLIETF,2829.82
LOYALTEX,307.29
LPDC,120.06
LRRPL,25.7
LT,502747.61
LTF,38965.99
LTFOODS,7222.86
LTGILTBEES,1749.45
LTIM,144794.27
LTTS,49071.96
LUMAXIND,2366.0
LUMAXTECH,3271.57
LUPIN,73001.14
LUXIND,4317.99
LXCHEM,6741.46
LYKALABS,354.06
LYPSAGEMS,16.95
MAANALU,732.31
MACPOWER,1470.61
MADHAV,41.74
MADHAVBAUG,179.83
MADHUCON,69.0
MADHUSUDAN,175.44
MADRASFERT,1498.24
MAFANG,2432.98
MAGADSUGAR,906.16
MAGNUM,302.68
MAGSON,75.36
MAHABANK,48861.48
MAHAPEXLTD,204.47
MAHASTEEL,173.38
MAHEPC,366.08
MAHESHWARI,191.49
MAHKTECH,272.97
MAHLIFE,8902.25
MAHLOG,3112.57
MAHSCOOTER,8680.0
MAHSEAMLES,9706.91
MAITHANALL,3539.96
MAITREYA,98.46
MAKEINDIA,147.32
MAL,99.98
MALLCOM,602.16
MALUPAPER,63.03
MANAKALUCO,159.25
MANAKCOAT,467.9
MANAKSIA,706.13
MANAKSTEEL,374.2
MANALIPETC,1346.75
MANAPPURAM,14647.55
MANDEEP,56.96
MANGALAM,164.69
MANGCHEFER,1250.33
MANGLMCEM,2365.73
MANINDS,2206.18
MANINFRA,7263.51
MANKIND,84844.51
MANOMAY,328.58
MANORAMA,3728.22
MANORG,318.13
MANUGRAPH,66.91
MANYAVAR,24651.57
MAPMYINDIA,10327.75
MARALOVER,289.73
MARATHON,2111.07
MARCO,82.28
MARICO,78629.71
MARINE,1316.7
MARINETRAN,39.45
MARKSANS,7513.45
MARSHALL,77.56
MARUTI,402812.58
MASFIN,4714.6
MASKINVEST,21.77
MASPTOP50,748.54
MASTEK,7734.83
MASTER,84.4
MATRIMONY,1228.78
MAWANASUG,385.5
MAXESTATES,5396.9
MAXHEALTH,77169.85
MAXIND,1170.14
MAXPOSURE,195.57
MAYURUNIQ,2373.44
MAZDA,551.43
MAZDOCK,61281.49
MBAPL,2085.52
MBECL,78.33
MBLINFRA,466.16
MCDOWELL-N,86118.34
MCL,104.77
MCLEODRUSS,268.45
MCON,92.82
MCX,19200.63
MDL,201.07
MEDANTA,33160.66
MEDIASSIST,3435.69
MEDICAMEQ,658.62
MEDICO,309.53
MEDPLUS,8331.73
MEGAFLEX,39.06
MEGASOFT,500.53
MEGASTAR,293.67
MEGATHERM,636.82
MENONBE,686.21
MEP,148.59
METROBRAND,31177.33
METROPOLIS,10142.92
MFSL,33684.93
MGEL,349.33
MGL,12798.14
MHHL,101.21
MHLXMIRU,223.03
MHRIL,8027.58
MICEL,1107.23
MICROPRO,68.64
MID150BEES,1451.78
MIDCAP,25.53
MIDCAPETF,707.56
MIDCAPIETF,345.06
MIDHANI,8420.0
MIDQ50ADD,90.47
MIDSELIETF,56.22
MIDSMALL,37.05
MILTON,50.99
MINDACORP,10160.88
MINDSPACE,20113.99
MINDTECK,686.65
MIRCELECTR,478.07
MIRZAINT,606.71
MITCON,174.6
MITTAL,53.27
MKPL,512.38
MMFL,3053.81
MMP,690.7
MMTC,10702.5
MNC,19.74
MODIRUBBER,240.14
MODISONLTD,420.23
MODTHREAD,205.87
MOGSEC,85.71
MOHEALTH,13.83
MOHITIND,29.52
MOIL,9881.24
MOKSH,82.37
MOL,2016.71
MOLDTECH,691.26
MOLDTKPAC,2573.96
MOLOWVOL,50.26
MOM100,420.86
MOM30IETF,170.43
MOM50,40.01
MOMENTUM,61.16
MOMOMENTUM,71.7
MON100,7590.41
MONARCH,1801.86
MONIFTY500,30.89
MONOPHARMA,69.0
MONQ50,20.73
MONTECARLO,1409.78
MOQUALITY,15.85
MOREALTY,17.68
MOREPENLAB,2420.38
MOS,464.67
MOSMALL250,9.82
MOTHERSON,96089.65
MOTILALOFS,33464.29
MOTISONS,1840.94
MOTOGENFIN,133.42
MOVALUE,79.04
MPHASIS,45345.0
MPSLTD,2740.35
MRF,54831.19
MRO-TEK,160.69
MRPL,37426.75
MSPL,1004.01
MSTCLTD,6413.44
MSUMI,29709.85
MTARTECH,6348.78
MTEDUCARE,23.11
MTNL,2340.45
MUFIN,1797.93
MUFTI,1096.18
MUKANDLTD,2181.88
MUKKA,1006.5
MUKTAARTS,155.84
MUNJALAU,818.5
MUNJALSHOW,663.92
MURUDCERA,293.04
MUTHOOTCAP,460.53
MUTHOOTFIN,70045.03
MUTHOOTMF,3761.06
MVGJL,1192.37
MVKAGRO,66.61
MWL,349.13
NACLIND,1314.52
NAGAFERT,601.06
NAGREEKCAP,25.23
NAGREEKEXP,97.81
NAHARCAP,473.92
NAHARINDUS,511.34
NAHARPOLY,462.25
NAHARSPING,956.27
NAM-INDIA,38308.72
NAMAN,99.15
NARMADA,30.35
NATCOPHARM,18516.38
NATHBIOGEN,351.48
NATIONALUM,35226.6
NAUKRI,78479.88
NAVA,7205.22
NAVINFLUOR,16510.7
NAVINIFTY,6.7
NAVKARCORP,1478.1
NAVNETEDUL,3414.69
NAZARA,5342.61
NBCC,25020.0
NBIFIN,445.84
NCC,17516.92
NCLIND,909.63
NDGL,236.32
NDL,580.91
NDLVENTURE,308.1
NDRAUTO,994.82
NDTV,1479.29
NECCLTD,242.63
NECLIFE,725.48
NELCAST,1167.12
NELCO,1717.08
NEOGEN,3798.7
NESCO,6129.31
NESTLEIND,236652.37
NETF,640.93
NETWEB,12056.66
NETWORK18,8302.3
NEULANDLAB,7954.53
NEWGEN,12206.09
NEWJAISA,312.18
NEXT50,214.45
NEXT50IETF,604.5
NEXTMEDIA,47.83
NFL,5146.17
NGIL,61.78
NGLFINE,1370.81
NH,24421.12
NHPC,100701.47
NIACL,38044.08
NIBL,83.47
NIDAN,46.29
NIF100BEES,237.65
NIF100IETF,80.18
NIF10GETF,0.57
NIF5GETF,0.8
NIFITETF,5.86
NIFMID150,3.55
NIFTY1,2297.47
NIFTY50ADD,316.9
NIFTYBEES,26218.38
NIFTYBETF,55.2
NIFTYETF,2365.95
NIFTYIETF,15817.6
NIFTYQLITY,42.33
NIITLTD,1410.71
NIITMTS,5754.06
NILAINFRA,427.37
NILASPACES,338.74
NILKAMAL,2738.43
NINSYS,867.5
NIPPOBATRY,456.75
NIRAJ,194.15
NIRMAN,129.95
NITCO,526.73
NITINSPIN,1866.5
NITIRAJ,219.32
NKIND,28.73
NLCINDIA,30922.0
NMDC,75814.77
NOCIL,4381.12
NOIDATOLL,163.85
NORBTEAEXP,14.22
NOVAAGRI,457.51
NPBET,9.0
NPST,2696.59
NRAIL,713.1
NRBBEARING,3070.02
NRL,503.47
NSIL,1782.76
NSLNISP,17818.08
NTPC,353443.48
NUCLEUS,3236.89
NURECA,267.0
NUVAMA,17795.08
NUVOCO,11411.14
NV20,65.24
NV20BEES,149.18
NV20IETF,130.03
NXST,19013.25
NYKAA,47416.54
OAL,1241.82
OBCL,122.28
OBEROIRLTY,66630.11
OCCL,671.38
OFSS,65473.37
OIL,70703.22
OILCOUNTUB,159.44
OLECTRA,14673.16
OMAXAUTO,283.28
OMAXE,1618.67
OMFURN,88.19
OMINFRAL,1086.79
OMKARCHEM,15.02
ONDOOR,174.54
ONELIFECAP,23.71
ONEPOINT,1199.3
ONGC,345014.16
ONMOBILE,750.58
ONWARDTEC,893.7
OPTIEMUS,2221.55
ORBTEXP,431.42
ORCHPHARMA,5270.48
ORIANA,3914.69
ORICONENT,570.87
ORIENTALTL,28.23
ORIENTBELL,539.81
ORIENTCEM,4405.7
ORIENTCER,537.78
ORIENTELEC,4798.6
ORIENTHOT,2455.74
ORIENTLTD,89.35
ORIENTPPR,1111.85
ORISSAMINE,3415.2
ORTINLAB,13.99
OSIAHYPER,304.76
OSWALAGRO,590.63
OSWALGREEN,832.06
OSWALSEEDS,247.43
OWAIS,2323.71
PAGEIND,40449.52
PAISALO,5828.31
PAKKA,1051.66
PALASHSECU,136.04
PALREDTEC,139.45
PANACEABIO,827.5
PANACHE,94.2
PANAMAPET,2295.13
PANSARI,151.35
PAR,272.49
PARACABLES,2469.96
PARADEEP,5544.3
PARAGMILK,2016.85
PARAGON,252.4
PARAS,3410.56
PARASPETRO,106.95
PARIN,213.47
PARKHOTELS,3861.01
PARSVNATH,561.38
PARTYCRUS,132.04
PASHUPATI,376.29
PASUPTAC,318.21
PATANJALI,54009.63
PATELENG,5002.93
PATINTLOG,137.89
PATTECH,68.26
PAVNAIND,684.99
PAYTM,21807.68
PCBL,9412.03
PCJEWELLER,2215.32
PDMJEPAPER,885.88
PDSL,5761.77
PEARLPOLY,60.69
PEL,18383.11
PENIND,1939.85
PENINLAND,1859.92
PENTAGON,89.82
PERFECT,60.85
PERSISTENT,56679.62
PETRONET,44362.5
PFC,169806.74
PFIZER,20857.31
PFOCUS,3178.4
PFS,2530.6
PGEL,6701.76
PGHH,51206.81
PGHL,7942.8
PGIL,2745.48
PGINVIT,8781.49
PHANTOMFX,533.66
PHARMABEES,560.4
PHOENIXLTD,54639.32
PIDILITIND,154958.01
PIGL,90.09
PIIND,54891.62
PILANIINVS,4263.98
PILITA,306.68
PIONEEREMB,125.68
PITTIENG,2881.3
PIXTRANS,1738.58
PKTEA,96.34
PLADAINFO,26.49
PLASTIBLEN,657.27
PLATIND,1064.99
PLAZACABLE,388.3
PNB,140720.78
PNBGILTS,1877.51
PNBHOUSING,20466.24
PNC,86.66
PNCINFRA,13211.77
POCL,891.4
PODDARHOUS,65.3
PODDARMENT,422.49
POKARNA,1714.52
POLICYBZR,53891.74
POLYCAB,100767.14
POLYMED,17353.55
POLYPLEX,2579.2
POLYSIL,41.17
PONNIERODE,369.77
POONAWALLA,34476.71
POWERGRID,290876.38
POWERINDIA,44081.18
POWERMECH,7467.77
PPAP,268.8
PPL,952.07
PPLPHARMA,19811.15
PRAENG,198.62
PRAJIND,9234.77
PRAKASH,2958.43
PRAKASHSTL,161.0
PRAMARA,147.27
PRATHAM,798.31
PRAXIS,189.08
PRECAM,1753.44
PRECISION,69.91
PRECOT,448.74
PRECWIRE,2304.69
PREMEXPLN,2709.56
PREMIERPOL,400.12
PRESSTONIC,83.24
PRESTIGE,62213.73
PRICOLLTD,5374.36
PRIMESECU,676.66
PRINCEPIPE,6788.45
PRITI,200.03
PRITIKA,67.89
PRITIKAUTO,433.05
PRIVISCL,4199.24
PRLIND,194.33
PROLIFE,82.11
PROPEQUITY,309.22
PROV,330.94
PROZONER,498.25
PRSMJOHNSN,7827.19
PRUDENT,6790.7
PRUDMOULI,78.21
PSB,41818.94
PSPPROJECT,2537.07
PSUBANK,1548.03
PSUBANKADD,35.68
PSUBNKBEES,2753.53
PSUBNKIETF,66.31
PTC,6578.78
PTCIL,11348.87
PTL,553.34
PULZ,131.18
PUNJABCHEM,1273.98
PURVA,9074.53
PURVFLEXI,440.22
PVP,704.39
PVRINOX,13066.11
PVSL,1595.55
PVTBANIETF,2376.51
PVTBANKADD,68.92
PYRAMID,551.77
QFIL,34.22
QGOLDHALF,207.13
QMSMEDI,179.75
QNIFTY,52.84
QUADPRO,28.56
QUAL30IETF,39.31
QUESS,8806.61
QUESTLAB,207.05
QUICKHEAL,2221.06
QUICKTOUCH,86.7
RACE,601.01
RADAAN,13.54
RADHIKAJWE,710.95
RADIANTCMS,842.99
RADICO,21665.89
RADIOCITY,565.2
RADIOCITY,565.2
RADIOWALLA,85.28
RAILTEL,13477.81
RAIN,5616.97
RAINBOW,12799.87
RAJESHEXPO,8884.37
RAJMET,304.13
RAJRATAN,2767.02
RAJRILTD,1198.36
RAJSREESUG,199.48
RAJTV,645.54
RALLIS,5057.16
RAMANEWS,293.57
RAMAPHO,292.47
RAMASTEEL,1805.68
RAMCOCEM,18036.2
RAMCOIND,2040.01
RAMCOSYS,1210.82
RAMKY,3363.7
RAMRAT,1592.8
RANASUG,323.26
RANEENGINE,260.15
RANEHOLDIN,1781.87
RATEGAIN,8367.25
RATNAMANI,23144.38
RATNAVEER,564.04
RAYMOND,14538.7
RBA,5001.2
RBL,677.14
RBLBANK,15197.42
RBMINFRA,390.06
RBS,205.77
RBZJEWEL,508.4
RCDL,88.61
RCF,8683.57
RCOM,470.14
RECLTD,152108.18
REDINGTON,15854.39
REDTAPE,10021.02
REFEX,1519.66
REFRACTORY,278.93
REGENCERAM,99.29
RELAXO,20126.68
RELCHEMQ,155.4
RELIANCE,1969492.99
RELIGARE,6989.66
RELINFRA,6698.58
REMSONSIND,643.44
REMUS,1067.93
RENUKA,8769.38
REPCOHOME,3036.73
REPL,319.45
REPRO,1056.86
RESPONIND,8232.87
REXPIPES,64.64
RGL,983.42
RHFL,162.49
RHIM,13691.04
RHL,323.35
RICHA,17.74
RICOAUTO,1669.42
RIIL,1842.5
RILINFRA,53.02
RISHABH,1833.6
RITCO,621.71
RITES,17054.22
RKDL,54.12
RKEC,212.44
RKFORGE,12393.11
RKSWAMY,1388.88
RMDRIP,257.77
RML,1314.23
ROCKINGDCE,280.06
ROHLTD,998.28
ROLEXRINGS,6563.23
ROLLT,92.55
ROML,85.89
ROSSARI,3837.11
ROSSELLIND,1760.43
ROTO,1350.53
ROUTE,8909.69
ROXHITECH,301.21
RPGLIFE,2430.9
RPOWER,10022.34
RPPINFRA,432.53
RPPL,278.48
RPSGVENT,2133.74
RPTECH,2161.51
RRKABEL,20307.38
RSSOFTWARE,517.12
RSWM,860.31
RSYSTEMS,5299.99
RTNINDIA,10830.08
RTNPOWER,8914.38
RUBYMILLS,672.14
RUCHINFRA,274.38
RUCHIRA,379.18
RULKA,191.69
RUPA,1980.16
RUSHIL,875.88
RUSTOMJEE,7758.06
RVHL,317.67
RVNL,78052.73
SAAKSHI,441.4
SABAR,32.17
SABEVENTS,10.27
SABTNL,398.48
SADBHAV,473.54
SADBHIN,223.66
SADHAV,291.5
SADHNANIQ,1578.7
SAFARI,10016.79
SAGARDEEP,45.37
SAGCEM,2792.57
SAH,242.48
SAHAJ,26.99
SAHANA,902.76
SAHYADRI,367.25
SAIFL,99.51
SAIL,67100.38
SAKAR,726.45
SAKHTISUG,388.64
SAKSOFT,2701.92
SAKUMA,913.98
SALASAR,3228.09
SALONA,154.16
SALSTEEL,167.81
SALZERELEC,1253.56
SAMBHAAV,97.47
SAMHI,4203.01
SAMPANN,103.56
SANDESH,934.9
SANDHAR,3238.26
SANDUMA,8749.89
SANGAMIND,1865.4
SANGANI,61.31
SANGHIIND,2366.27
SANGHVIMOV,4796.31
SANGINITA,57.37
SANOFI,19737.7
SANSERA,5624.23
SAPPHIRE,8954.53
SARDAEN,8340.86
SAREGAMA,9134.35
SARLAPOLY,678.46
SAROJA,18.49
SARTELE,366.0
SARVESHWAR,895.62
SASKEN,2314.46
SASTASUNDR,1005.21
SATIA,1130.0
SATIN,2470.68
SATINDLTD,1020.03
SAURASHCEM,1331.24
SBC,971.43
SBCL,2908.15
SBFC,8806.13
SBGLP,2129.55
SBICARD,66972.14
SBIETFCON,22.72
SBIETFIT,20.71
SBIETFPB,20.29
SBIETFQLTY,43.91
SBILIFE,145420.62
SBIN,741456.76
SCHAEFFLER,71899.69
SCHAND,820.39
SCHNEIDER,18793.58
SCI,11568.12
SCILAL,3188.39
SCML,120.51
SCPL,517.65
SDBL,2416.39
SDL24BEES,1652.89
SDL26BEES,7534.82
SEAMECLTD,2895.4
SECL,220.82
SECMARK,102.78
SECURKLOUD,140.66
SEJALLTD,318.3
SEL,99.24
SELAN,889.2
SELMC,228.63
SEMAC,254.82
SENCO,6502.29
SENSEXADD,7.06
SENSEXETF,13.25
SENSEXIETF,8797.39
SEPC,2537.66
SEQUENT,2615.81
SERVICE,70.14
SERVOTECH,1815.52
SESHAPAPER,2012.5
SETCO,145.81
SETF10GILT,32.02
SETFGOLD,2330.26
SETFNIF50,10649.1
SETFNIFBK,282.44
SETFNN50,40.21
SEYAIND,61.78
SFL,9793.63
SGBAPR28I,1316.36
SGBAUG24,2214.77
SGBAUG27,789.12
SGBAUG28V,4673.63
SGBAUG29V,1708.09
SGBAUG30,2492.15
SGBD29VIII,1821.67
SGBDC27VII,486.09
SGBDE30III,2088.58
SGBDE31III,9008.68
SGBDEC2513,97.78
SGBDEC25XI,61.0
SGBDEC26,153.79
SGBFEB28IX,296.35
SGBFEB29XI,919.09
SGBFEB32IV,9556.87
SGBJ28VIII,383.76
SGBJAN26,239.03
SGBJAN27,180.88
SGBJAN29IX,2103.44
SGBJAN29X,891.6
SGBJAN30IX,1705.79
SGBJU29III,1084.2
SGBJUL25,1715.46
SGBJUL27,388.56
SGBJUL28IV,3026.65
SGBJUL29IV,2145.9
SGBJUN27,334.73
SGBJUN28,1748.26
SGBJUN29II,1389.68
SGBJUN30,1880.03
SGBJUN31I,5753.17
SGBMAR25,1626.8
SGBMAR28X,556.26
SGBMAR30X,1143.22
SGBMAR31IV,2616.91
SGBMAY28,1875.9
SGBMAY29I,3894.07
SGBMR29XII,2345.64
SGBN28VIII,1149.41
SGBNOV24,2638.48
SGBNOV25IX,77.19
SGBNV29VII,2384.21
SGBOC28VII,1363.03
SGBOCT25IV,273.48
SGBOCT27,329.07
SGBOCT27VI,509.51
SGBSEP24,1909.89
SGBSEP27,458.36
SGBSEP28VI,2333.26
SGBSEP29VI,2586.92
SGBSEP31II,8638.73
SGIL,466.22
SGL,41.84
SHAH,180.2
SHAHALLOYS,114.83
SHAILY,2866.72
SHAKTIPUMP,4993.45
SHALBY,2883.86
SHALPAINTS,1241.44
SHANKARA,1635.37
SHANTHALA,53.55
SHANTI,16.94
SHANTIGEAR,4197.51
SHARDACROP,3608.82
SHARDAMOTR,4720.94
SHAREINDIA,5989.59
SHAREINDIA,5989.59
SHARIABEES,17.48
SHEETAL,72.86
SHEMAROO,391.65
SHERA,439.82
SHIGAN,190.36
SHILPAMED,4732.1
SHIVALIK,957.27
SHIVAMAUTO,425.33
SHIVAMILLS,78.25
SHIVATEX,215.18
SHK,2762.88
SHOPERSTOP,8224.22
SHRADHA,183.46
SHREDIGCEM,1634.74
SHREECEM,92402.8
SHREEKARNI,288.54
SHREEOSFM,205.69
SHREEPUSHK,559.78
SHREERAMA,341.68
SHRENIK,61.2
SHREYANIND,319.36
SHREYAS,669.7
SHRIPISTON,8242.16
SHRIRAMFIN,89873.28
SHRIRAMPPS,2020.07
SHRITECH,158.43
SHUBHLAXMI,36.89
SHYAMCENT,373.42
SHYAMMETL,17403.87
SHYAMTEL,16.79
SICALLOG,1067.47
SIEMENS,253735.68
SIGACHI,2198.91
SIGIND,277.0
SIGMA,414.18
SIGNATURE,17872.96
SIGNORIA,61.85
SIGNPOST,1418.03
SIKKO,150.61
SIL,154.71
SILGO,66.4
SILINV,510.08
SILKFLEX,60.36
SILLYMONKS,19.61
SILVER,376.45
SILVER1,533.3
SILVERADD,152.83
SILVERBEES,2738.57
SILVERETF,77.39
SILVERIETF,2642.27
SILVERTUC,1010.55
SILVRETF,64.83
SIMBHALS,111.45
SIMPLEXINF,643.14
SINCLAIR,570.78
SINDHUTRAD,3777.73
SINTERCOM,364.47
SIRCA,1748.4
SIS,5923.97
SIYSIL,2041.65
SJLOGISTIC,589.25
SJS,2272.28
SJVN,54624.15
SKFINDIA,30310.42
SKIPPER,2962.04
SKIPPERPP,157.65
SKMEGGPROD,647.72
SKP,372.01
SKYGOLD,1482.57
SLONE,48.26
SMALLCAP,209.7
SMARTLINK,296.26
SMCGLOBAL,1648.5
SMLISUZU,3117.48
SMLT,290.36
SMSLIFE,252.61
SMSPHARMA,1786.16
SNOWMAN,1074.38
SOBHA,18200.92
SOFTTECH,420.47
SOLARA,2097.38
SOLARA-RE,59.99
SOLARINDS,84716.79
SOLEX,1196.0
SOMANYCERA,2972.97
SOMATEX,112.31
SOMICONVEY,166.09
SONACOMS,36712.43
SONAMAC,198.31
SONAMLTD,159.53
SONATSOFTW,15284.55
SONUINFRA,47.49
SOTAC,129.29
SOTL,3446.73
SOUTHBANK,7207.21
SOUTHWEST,300.65
SPAL,1461.02
SPANDANA,5497.63
SPARC,6924.82
SPCENET,1436.24
SPECIALITY,834.25
SPECTRUM,2564.01
SPECTSTM,196.29
SPENCERS,760.71
SPIC,1470.28
SPLIL,170.81
SPLPETRO,12470.9
SPMLINFRA,675.41
SPORTKING,982.27
SPRL,53.36
SPYL,120.65
SREEL,678.44
SRF,67584.86
SRGHFL,380.11
SRHHYPOLTD,875.23
SRIVASAVI,154.85
SRM,403.93
SRPL,47.12
SSFL,234.11
SSWL,3347.3
STAR,7472.26
STARCEMENT,8947.65
STARHEALTH,31317.09
STARPAPER,356.65
STARTECK,237.95
STCINDIA,834.0
STEELCAS,1315.5
STEELCITY,140.5
STEELXIND,1461.29
STEL,714.13
STERTOOLS,1324.07
STLTECH,6156.06
STOVEKRAFT,1589.13
STYLAMIND,2706.1
STYRENIX,3131.3
SUBEXLTD,1607.33
SUBROS,3920.67
SUDARSCHEM,5468.95
SUKHJITS,713.93
SULA,4110.26
SUMICHEM,22421.63
SUMIT,222.98
SUMMITSEC,1520.8
SUNCLAY,3176.44
SUNDARAM,137.42
SUNDARMFIN,47441.35
SUNDARMHLD,6528.74
SUNDRMBRAK,290.78
SUNDRMFAST,24411.66
SUNFLAG,3775.6
SUNPHARMA,351934.45
SUNREST,31.07
SUNTECK,6702.49
SUNTV,25897.27
SUPERHOUSE,237.7
SUPERSPIN,38.78
SUPRAJIT,5624.28
SUPREMEENG,31.24
SUPREMEIND,71630.45
SUPREMEINF,293.48
SUPREMEPWR,462.34
SUPRIYA,2920.72
SURAJEST,1765.57
SURANASOL,188.46
SURANI,414.73
SURYALAXMI,128.35
SURYAROSNI,6389.79
SURYODAY,2048.61
SUTLEJTEX,877.3
SUULD,48.95
SUVEN,2100.05
SUVENPHAR,16343.07
SUVIDHAA,116.17
SUZLON,60129.07
SVLL,248.7
SVPGLOB,78.43
SWANENERGY,19528.36
SWARAJ,307.33
SWARAJENG,2996.73
SWASTIK,163.78
SWELECTES,1891.13
SWSOLAR,17562.43
SYMPHONY,7281.86
SYNCOMF,1175.0
SYNGENE,27658.63
SYNOPTICS,98.37
SYRMA,8314.53
SYSTANGO,369.07
TAC,498.15
TAINWALCHM,162.93
TAJGVK,2274.81
TAKE,308.44
TALBROAUTO,1774.07
TANLA,12409.3
TARACHAND,615.88
TARAPUR,23.99
TARC,5119.92
TARMAT,185.22
TARSONS,2197.42
TASTYBITE,2766.15
TATACHEM,27925.11
TATACOMM,51385.5
TATACONSUM,103892.34
TATAELXSI,45521.9
TATAGOLD,123.95
TATAINVEST,32947.66
TATAMOTORS,314907.65
TATAMTRDVR,32289.93
TATAPOWER,139796.11
TATASTEEL,218586.56
TATATECH,43242.24
TATSILV,68.83
TATVA,2507.75
TBOTEK,15365.71
TBZ,718.69
TCI,6842.28
TCIEXP,3914.77
TCL,407.2
TCLCONS,613.03
TCNSBRANDS,3125.71
TCPLPACK,1884.61
TCS,1388224.0
TDPOWERSYS,5133.31
TEAMLEASE,4928.38
TECH,76.54
TECHIN,50.14
TECHLABS,706.62
TECHM,128400.26
TECHNOE,11472.19
TECILCHEM,40.11
TEGA,9847.25
TEJASNET,20035.32
TEMBO,264.05
TERASOFT,79.45
TEXINFRA,1487.07
TEXMOPIPES,230.06
TEXRAIL,7829.56
TFCILTD,1449.58
TFL,104.35
TGBHOTELS,44.95
TGL,263.45
THANGAMAYL,3443.62
THEINVEST,728.78
THEJO,2955.64
THEMISMED,1914.43
THERMAX,63689.04
THOMASCOOK,9689.84
THOMASCOTT,234.35
THYROCARE,3288.36
TI,4348.96
TIDEWATER,3171.6
TIIL,5418.96
TIINDIA,73339.39
TIJARIA,78.15
TIL,1671.05
TIMESCAN,48.92
TIMESGTY,93.71
TIMETECHNO,6162.26
TIMKEN,30847.2
TIPSFILMS,217.85
TIPSINDLTD,5406.76
TIRUMALCHM,2621.65
TIRUPATI,516.18
TIRUPATIFL,175.74
TITAGARH,16915.03
TITAN,302712.89
TMB,7477.36
TNIDETF,77.37
TNPETRO,755.31
TNPL,1742.72
TNTELE,42.7
TOKYOPLAST,99.1
TORNTPHARM,90129.71
TORNTPOWER,69064.63
TOTAL,160.14
TOUCHWOOD,162.45
TPHQ,99.04
TPLPLASTEH,675.9
TRACXN,873.31
TRANSTEEL,138.53
TREEHOUSE,93.08
TREJHARA,246.34
TREL,1083.52
TRENT,164196.1
TRF,639.08
TRIDENT,19033.39
TRIDHYA,69.98
TRIGYN,340.34
TRIL,9152.62
TRITURBINE,18203.22
TRIVENI,7449.1
TRU,724.78
TRUST,576.09
TTKHLTCARE,2076.59
TTKPRESTIG,9813.87
TTL,229.17
TTML,14691.28
TV18BRDCST,7311.75
TVSELECT,582.26
TVSHLTD,22886.76
TVSMOTOR,106894.6
TVSSCS,7774.09
TVSSRICHAK,3229.05
TVTODAY,1286.16
TVVISION,25.38
UBL,49549.52
UCAL,372.39
UCOBANK,69523.9
UDAICEMENT,2090.81
UDS,1871.21
UFLEX,3096.79
UFO,461.05
UGARSUGAR,820.13
UGROCAP,2479.38
UJJIVANSFB,10238.51
ULTRACEMCO,294244.64
UMA,53.73
UMAEXPORTS,296.51
UMANGDAIRY,194.51
UMESLTD,13.21
UNICHEMLAB,3879.36
UNIDT,467.78
UNIENTER,1048.4
UNIHEALTH,198.66
UNIINFO,32.77
UNIONBANK,120229.29
UNIPARTS,2342.44
UNITECH,2681.71
UNITEDPOLY,210.24
UNITEDTEA,172.38
UNIVASTU,229.56
UNIVCABLES,1964.18
UNIVPHOTO,388.6
UNOMINDA,47137.82
UPL,38817.67
URAVI,609.95
URBAN,165.1
URJA,1111.33
USHAMART,10836.62
USK,311.38
UTIAMC,11711.01
UTIBANKETF,3292.81
UTINEXT50,2206.55
UTINIFTETF,52671.61
UTISENSETF,40467.12
UTISXN50,17.9
UTKARSHBNK,5768.23
UTTAMSUGAR,1228.05
V2RETAIL,1850.7
VADILALIND,3119.52
VAIBHAVGBL,5849.76
VAISHALI,156.5
VAKRANGEE,2415.69
VALIANTLAB,618.08
VALIANTORG,1086.46
VARDHACRLC,441.6
VARDMNPOLY,271.55
VARROC,8372.69
VASCONEQ,1384.34
VASWANI,101.1
VBL,191015.73
VEDL,169132.88
VEEKAYEM,134.55
VENKEYS,2556.85
VENUSPIPES,4349.46
VENUSREM,396.0
VERANDA,1198.43
VERTOZ,3090.05
VESUVIUS,10472.78
VETO,246.87
VGUARD,16031.01
VHL,956.96
VIAZ,65.91
VIDHIING,2287.98
VIJAYA,8159.25
VIJIFI-RE,5.1
VIJIFIN,41.33
VIKASECO,534.52
VIKASLIFE,823.74
VILINBIO,26.64
VIMTALABS,1080.82
VINATIORGA,17862.11
VINDHYATEL,2635.63
VINEETLAB,51.53
VINNY,94.21
VINSYS,512.26
VINYAS,992.93
VINYLINDIA,649.13
VIPCLOTHNG,284.96
VIPIND,7183.81
VIPULLTD,461.34
VIRINCHI,342.77
VISAKAIND,878.74
VISHNU,2055.59
VISHNUINFR,516.93
VISHWARAJ,295.75
VISHWAS,82.8
VITAL,196.4
VIVIANA,345.9
VIVIDHA,30.73
VLEGOV,613.46
VLSFINANCE,998.64
VMARCIND,421.54
VMART,4375.18
VOLTAMP,15971.38
VOLTAS,46158.42
VPRPL,2258.55
VR,124.32
VRLLOG,4967.34
VSCL,47.94
VSSL,2563.13
VSTIND,6190.67
VSTL,496.44
VSTTILLERS,2833.77
VTL,13157.45
WABAG,6063.57
WALCHANNAG,1235.58
WALPAR,60.64
WANBURY,490.2
WEALTH,874.78
WEBELSOLAR,2487.22
WEIZMANIND,190.86
WEL,1378.74
WELCORP,15700.01
WELENT,6073.6
WELINV,276.97
WELSPUNLIV,13833.69
WENDT,2922.4
WESTLIFE,13338.68
WEWIN,81.29
WHEELS,1707.5
WHIRLPOOL,19424.08
WILLAMAGOR,38.35
WINDLAS,1281.19
WINDMACHIN,518.81
WINSOL,480.9
WINSOME,24.39
WIPL,149.33
WIPRO,237898.75
WOCKPHARMA,8619.6
WOMANCART,62.11
WONDERLA,4825.7
WORTH,180.98
WSI,718.18
WSTCSTPAPR,4017.76
WTICAB,578.63
XCHANGING,1301.2
XELPMOC,204.8
XPROINDIA,2142.43
YAARI,110.99
YASHO,2046.16
YASHOPTICS,227.84
YATHARTH,3530.59
YATRA,2070.51
YCCL,50.48
YESBANK,68363.21
YUDIZ,75.38
YUKEN,1602.9
ZAGGLE,3532.4
ZEAL,266.2
ZEEL,14460.62
ZEELEARN,205.44
ZEEMEDIA,853.71
ZENITHDRUG,111.9
ZENITHEXPO,101.18
ZENITHSTL,108.84
ZENSARTECH,14146.74
ZENTEC,7765.69
ZFCVINDIA,32134.88
ZIMLAB,508.45
ZODIAC,1009.71
ZODIACLOTH,292.43
ZOMATO,159680.16
ZOTA,1252.07
ZUARI,731.39
ZUARIIND,923.81
ZYDUSLIFE,106057.06
ZYDUSWELL,11122.9
